Source URL,Target URL,Suggested natural anchor/context,Reason,Priority,Action
/,/services/,Explore our technology and consulting capabilities,Give the homepage one clear route into the service architecture instead of exposing every service in global navigation.,CRITICAL,ADD
/,/software-company/,software engineering and application delivery,Route software-intent visitors to the software hub before individual service details.,HIGH,ADD
/,/cloud-solutions/,cloud modernization and managed cloud capabilities,Create a clear topical path from the homepage to the cloud cluster.,HIGH,ADD
/,/business-consulting/,business transformation and operational improvement,Create a clear topical path from the homepage to the consulting cluster.,HIGH,ADD
/,/ai-machine-learning/,AI and machine learning capabilities,Surface the existing AI/ML hub only in a context where AI is actually discussed.,MEDIUM,ADD
/,/portfolio/,See relevant project work,Connect commercial discovery to proof/work examples without stuffing the navigation.,HIGH,ADD
/,/contact/,Discuss your project with our team,Use a direct branded conversion path rather than a template/demo CTA.,CRITICAL,ADD
/services/,/software-company/,Build and modernize software products,Use the services page as the parent hub and let the software hub fan out to detailed services.,CRITICAL,ADD
/services/,/cloud-solutions/,Move operate and optimize cloud platforms,Use one strong cluster link instead of a long flat list of cloud service links.,CRITICAL,ADD
/services/,/business-consulting/,Improve strategy process and execution,Keep consulting discovery hierarchical and context-led.,CRITICAL,ADD
/services/,/ai-machine-learning/,Apply AI and machine learning where it fits the problem,Connect the service architecture to the existing AI/ML capability page without forcing AI links sitewide.,MEDIUM,ADD
/services/,/contact/,Not sure which service fits? Talk to our team,Give the hub a single conversion route after service exploration.,HIGH,ADD
/software-company/,/service/custom-software-development/,custom software for business-specific workflows,Place the detailed service under the software hub so visitors and crawlers see the parent-child relationship.,HIGH,ADD
/software-company/,/service/web-application-design-and-development/,web applications built around real user and business needs,Place the detailed service under the software hub so visitors and crawlers see the parent-child relationship.,HIGH,ADD
/software-company/,/service/mobile-app-design-and-development/,mobile product design and development,Place the detailed service under the software hub so visitors and crawlers see the parent-child relationship.,HIGH,ADD
/software-company/,/service/ui-ux-design-services/,product and interface design support,Place the detailed service under the software hub so visitors and crawlers see the parent-child relationship.,HIGH,ADD
/software-company/,/service/maintenance-and-customer-support/,ongoing application maintenance and support,Place the detailed service under the software hub so visitors and crawlers see the parent-child relationship.,HIGH,ADD
/software-company/,/service/audit-it-consulting-services/,start with a technical audit when the right solution is not yet clear,Place the detailed service under the software hub so visitors and crawlers see the parent-child relationship.,HIGH,ADD
/software-company/,/service/website-development/,website development for web-focused requirements,Place the detailed service under the software hub so visitors and crawlers see the parent-child relationship.,HIGH,ADD
/software-company/,/portfolio/,Review related project work,Support service evaluation with proof before the conversion CTA.,HIGH,ADD
/software-company/,/contact/,Discuss a software project,Provide one clear next step after capability and project context.,HIGH,ADD
/cloud-solutions/,/service/cloud-build-migration/,plan and execute a cloud build or migration,Keep the detailed cloud service inside the cloud topic cluster and avoid unrelated cross-linking.,HIGH,ADD
/cloud-solutions/,/service/cloud-native-consulting/,design cloud-native applications and platforms,Keep the detailed cloud service inside the cloud topic cluster and avoid unrelated cross-linking.,HIGH,ADD
/cloud-solutions/,/service/aws-managed-services/,support for ongoing AWS operations,Keep the detailed cloud service inside the cloud topic cluster and avoid unrelated cross-linking.,HIGH,ADD
/cloud-solutions/,/service/cloud-devops-consulting/,connect cloud architecture with DevOps delivery,Keep the detailed cloud service inside the cloud topic cluster and avoid unrelated cross-linking.,HIGH,ADD
/cloud-solutions/,/service/ci-cd-consulting-services/,improve release pipelines and delivery automation,Keep the detailed cloud service inside the cloud topic cluster and avoid unrelated cross-linking.,HIGH,ADD
/cloud-solutions/,/service/prometheus-support/,monitoring and Prometheus support,Keep the detailed cloud service inside the cloud topic cluster and avoid unrelated cross-linking.,HIGH,ADD
/cloud-solutions/,/service/streamlined-cloud-management/,simplify day-to-day cloud management,Keep the detailed cloud service inside the cloud topic cluster and avoid unrelated cross-linking.,HIGH,ADD
/cloud-solutions/,/service/optimize-your-cloud-efficiency/,improve cloud efficiency and resource use,Keep the detailed cloud service inside the cloud topic cluster and avoid unrelated cross-linking.,HIGH,ADD
/cloud-solutions/,/contact/,Talk through your cloud requirements,Add a focused conversion route after cloud service discovery.,HIGH,ADD
/business-consulting/,/service/strategic-planning-and-execution/,turn strategy into an executable plan,Keep consulting sub-services grouped under the consulting hub instead of distributing them across unrelated pages.,HIGH,ADD
/business-consulting/,/service/business-process-optimization/,improve inefficient business processes,Keep consulting sub-services grouped under the consulting hub instead of distributing them across unrelated pages.,HIGH,ADD
/business-consulting/,/service/digital-transformation-consulting/,plan a practical digital transformation,Keep consulting sub-services grouped under the consulting hub instead of distributing them across unrelated pages.,HIGH,ADD
/business-consulting/,/service/change-management-solutions/,support organizational change around new systems or processes,Keep consulting sub-services grouped under the consulting hub instead of distributing them across unrelated pages.,HIGH,ADD
/business-consulting/,/service/performance-metrics-and-kpi-development/,define useful performance measures and KPIs,Keep consulting sub-services grouped under the consulting hub instead of distributing them across unrelated pages.,HIGH,ADD
/business-consulting/,/service/market-analysis-and-expansion-strategy/,evaluate markets before expansion decisions,Keep consulting sub-services grouped under the consulting hub instead of distributing them across unrelated pages.,HIGH,ADD
/business-consulting/,/contact/,Discuss the business problem you are trying to solve,Use problem-led conversion language rather than a generic exact-match service CTA.,HIGH,ADD
/service/data-tracking-and-security/,/services/,See related technology and security capabilities,The page spans more than one cluster; link to the main services hub rather than forcing it into an unrelated silo.,MEDIUM,ADD
/service/data-tracking-and-security/,/contact/,Tell us what you need to improve,Give a broad service page a single direct conversion path.,MEDIUM,ADD
/service/it-management-services/,/services/,Explore the broader IT service portfolio,Keep this broad service connected to the service architecture without creating a new weak hub.,MEDIUM,ADD
/service/it-management-services/,/contact/,Tell us what you need to improve,Give a broad service page a single direct conversion path.,MEDIUM,ADD
/service/modern-technology-solution/,/services/,Explore the capabilities behind this solution,The page title is generic so the safest parent is the main service hub.,MEDIUM,ADD
/service/modern-technology-solution/,/contact/,Tell us what you need to improve,Give a broad service page a single direct conversion path.,MEDIUM,ADD
/service/custom-software-development/,/software-company/,Explore related software engineering capabilities,Give each detail page a clear upward path to its parent hub; place this in a related-services or breadcrumb-adjacent body section.,MEDIUM,ADD
/service/web-application-design-and-development/,/software-company/,See how this fits our broader software work,Give each detail page a clear upward path to its parent hub; place this in a related-services or breadcrumb-adjacent body section.,MEDIUM,ADD
/service/mobile-app-design-and-development/,/software-company/,Explore related software and product capabilities,Give each detail page a clear upward path to its parent hub; place this in a related-services or breadcrumb-adjacent body section.,MEDIUM,ADD
/service/ui-ux-design-services/,/software-company/,See the broader software and product delivery approach,Give each detail page a clear upward path to its parent hub; place this in a related-services or breadcrumb-adjacent body section.,MEDIUM,ADD
/service/maintenance-and-customer-support/,/software-company/,Explore related software delivery and support capabilities,Give each detail page a clear upward path to its parent hub; place this in a related-services or breadcrumb-adjacent body section.,MEDIUM,ADD
/service/website-development/,/software-company/,Explore related web and software capabilities,Give each detail page a clear upward path to its parent hub; place this in a related-services or breadcrumb-adjacent body section.,MEDIUM,ADD
/service/cloud-build-migration/,/cloud-solutions/,Explore the broader cloud modernization approach,Give each detail page a clear upward path to its parent hub; place this in a related-services or breadcrumb-adjacent body section.,MEDIUM,ADD
/service/cloud-native-consulting/,/cloud-solutions/,See related cloud platform capabilities,Give each detail page a clear upward path to its parent hub; place this in a related-services or breadcrumb-adjacent body section.,MEDIUM,ADD
/service/aws-managed-services/,/cloud-solutions/,Explore the broader cloud operations offering,Give each detail page a clear upward path to its parent hub; place this in a related-services or breadcrumb-adjacent body section.,MEDIUM,ADD
/service/cloud-devops-consulting/,/cloud-solutions/,See related cloud and platform capabilities,Give each detail page a clear upward path to its parent hub; place this in a related-services or breadcrumb-adjacent body section.,MEDIUM,ADD
/service/ci-cd-consulting-services/,/cloud-solutions/,Explore related cloud delivery capabilities,Give each detail page a clear upward path to its parent hub; place this in a related-services or breadcrumb-adjacent body section.,MEDIUM,ADD
/service/prometheus-support/,/cloud-solutions/,See the broader cloud operations context,Give each detail page a clear upward path to its parent hub; place this in a related-services or breadcrumb-adjacent body section.,MEDIUM,ADD
/service/streamlined-cloud-management/,/cloud-solutions/,Explore related cloud management capabilities,Give each detail page a clear upward path to its parent hub; place this in a related-services or breadcrumb-adjacent body section.,MEDIUM,ADD
/service/optimize-your-cloud-efficiency/,/cloud-solutions/,See the broader cloud optimization context,Give each detail page a clear upward path to its parent hub; place this in a related-services or breadcrumb-adjacent body section.,MEDIUM,ADD
/service/strategic-planning-and-execution/,/business-consulting/,Explore related business consulting capabilities,Give each detail page a clear upward path to its parent hub; place this in a related-services or breadcrumb-adjacent body section.,MEDIUM,ADD
/service/business-process-optimization/,/business-consulting/,See the broader consulting approach,Give each detail page a clear upward path to its parent hub; place this in a related-services or breadcrumb-adjacent body section.,MEDIUM,ADD
/service/digital-transformation-consulting/,/business-consulting/,Explore related transformation and consulting capabilities,Give each detail page a clear upward path to its parent hub; place this in a related-services or breadcrumb-adjacent body section.,MEDIUM,ADD
/service/change-management-solutions/,/business-consulting/,See related consulting capabilities,Give each detail page a clear upward path to its parent hub; place this in a related-services or breadcrumb-adjacent body section.,MEDIUM,ADD
/service/performance-metrics-and-kpi-development/,/business-consulting/,Explore related strategy and performance work,Give each detail page a clear upward path to its parent hub; place this in a related-services or breadcrumb-adjacent body section.,MEDIUM,ADD
/service/market-analysis-and-expansion-strategy/,/business-consulting/,See the broader business consulting context,Give each detail page a clear upward path to its parent hub; place this in a related-services or breadcrumb-adjacent body section.,MEDIUM,ADD
/cloud-security-best-practices-company-should-know/,/service/data-tracking-and-security/,how security and data controls can be applied in practice,The article topic directly supports a security/data service path.,MEDIUM,ADD
/cloud-security-best-practices-company-should-know/,/cloud-solutions/,our broader cloud capabilities,Provide an upward topical route without linking to every cloud service.,MEDIUM,ADD
/top-cloud-migration-strategies-for-growing-businesses/,/service/cloud-build-migration/,when a migration needs a structured implementation plan,Connect migration guidance to the most relevant commercial service.,MEDIUM,ADD
/future-proofing-your-business-with-cloud-modernization/,/cloud-solutions/,cloud modernization capabilities,The hub is the natural next step after an educational modernization article.,MEDIUM,ADD
/seamless-integration-of-hybrid-and-multi-cloud-environments/,/service/cloud-native-consulting/,architecture support for cloud-native and multi-cloud environments,Match the article topic to a closely related cloud architecture service.,MEDIUM,ADD
/seamless-integration-of-hybrid-and-multi-cloud-environments/,/service/cloud-devops-consulting/,delivery and operations across cloud environments,Add only where the article discusses deployment/operations not as a generic sidebar link.,MEDIUM,ADD
/harnessing-the-power-of-ai-and-machine-learning-in-business/,/ai-machine-learning/,explore practical AI and machine learning capabilities,Move readers from educational AI content to the existing AI/ML hub.,MEDIUM,ADD
/innovation-in-action-how-consulting-firms-foster-creative-solutions/,/business-consulting/,how our consulting approach supports business change,Keep consulting thought leadership connected to its commercial hub.,MEDIUM,ADD
/transforming-your-business-with-consulting-to-drive-operational-excellence/,/service/business-process-optimization/,process improvement support for operational bottlenecks,The service is directly aligned with operational-excellence intent.,MEDIUM,ADD
/unlocking-new-possibilities-with-advanced-cloud-computing-solutions/,/cloud-solutions/,explore cloud capabilities for modernization,Connect broad cloud thought leadership to the cloud hub rather than a random child service.,MEDIUM,ADD
/leading-the-digital-age-with-groundbreaking-it-technologies/,/services/,see where these technologies fit into our service capabilities,Use the main hub because the article is broad and spans multiple technology areas.,MEDIUM,ADD
/blog/,/services/,Explore services related to these insights,Give readers a restrained route from the resource hub to commercial content.,LOW,ADD
/portfolio/,/services/,Explore the capabilities behind our project work,Connect proof pages back to the service architecture.,MEDIUM,ADD
/about/,/services/,Learn more about what we can help with,Company information should connect to capabilities without keyword-heavy anchors.,LOW,ADD
/about/,/contact/,Start a conversation with our team,Natural company-to-conversion path.,LOW,ADD
/team/,/contact/,Talk to the team about your project,Provide a simple next step without turning team profiles into SEO link hubs.,LOW,ADD
/pricing/,/contact/,Discuss scope before choosing an engagement,Pricing/engagement support pages should route to a human conversion step.,MEDIUM,ADD
/service/best-ui-ux-design-services/,/service/ui-ux-design-services/,Use the single approved UI/UX service URL in contextual links,These two URLs have overlapping service intent; do not split internal-link equity until canonical/merge ownership is resolved.,HIGH,HOLD_FOR_CONSOLIDATION
/,/business-consulting/,Keep the homepage and consulting hub as distinct destinations,The repository homepage currently identifies itself as Business Consulting; do not duplicate the same content/link graph across both URLs.,CRITICAL,HOLD_UNTIL_HOME_FIXED
/hello-world/,/blog/,Return readers to the main insights hub,Legacy/default content should not become a promoted internal-link destination; if retained provide only a route back to useful resources.,LOW,DEMOTE_OR_REMOVE
